{
    "dataset": "training",
    "unweighted": {
        "accuracy": 0.5471845951781014,
        "precision": 0.904579133429488,
        "recall": 0.5471845951781014,
        "f1_score": 0.6311518968303593,
        "confusion_matrix": [
            [
                81031,
                79034
            ],
            [
                1295,
                16039
            ]
        ]
    },
    "weighted": {
        "accuracy": 0.8154659279016421,
        "precision": 0.8054967126486235,
        "recall": 0.8154659279016421,
        "f1_score": 0.8046537007121353
    }
}