{
    "dataset": "training",
    "unweighted": {
        "accuracy": 0.3383784576012266,
        "precision": 0.913349469999277,
        "recall": 0.3383784576012266,
        "f1_score": 0.4025522146943793,
        "confusion_matrix": [
            [
                42764,
                117301
            ],
            [
                70,
                17264
            ]
        ]
    },
    "weighted": {
        "accuracy": 0.8823479569326964,
        "precision": 0.8872225655894203,
        "recall": 0.8823479569326964,
        "f1_score": 0.8535265065649308
    }
}