{
    "dataset": "training",
    "unweighted": {
        "accuracy": 0.29485613083295037,
        "precision": 0.6982562132712266,
        "recall": 0.29485613083295037,
        "f1_score": 0.39207693389179044,
        "confusion_matrix": [
            [
                439,
                80,
                2,
                560,
                0,
                0,
                8,
                104,
                70,
                3
            ],
            [
                21,
                1578,
                0,
                119,
                0,
                0,
                1,
                8,
                7,
                3
            ],
            [
                595,
                7479,
                3195,
                4196,
                162,
                110,
                797,
                3768,
                3428,
                198
            ],
            [
                1,
                1,
                0,
                135,
                0,
                0,
                0,
                12,
                12,
                0
            ],
            [
                57,
                4424,
                20,
                588,
                617,
                17,
                30,
                440,
                488,
                42
            ],
            [
                74,
                5784,
                35,
                757,
                43,
                593,
                68,
                466,
                550,
                34
            ],
            [
                454,
                3927,
                289,
                2438,
                117,
                85,
                4834,
                1888,
                1858,
                126
            ],
            [
                2634,
                19508,
                2559,
                26672,
                1023,
                869,
                4029,
                39275,
                18997,
                978
            ],
            [
                113,
                21,
                19,
                633,
                5,
                7,
                18,
                399,
                1895,
                39
            ],
            [
                11,
                325,
                0,
                70,
                0,
                0,
                0,
                24,
                19,
                49
            ]
        ]
    },
    "weighted": {
        "accuracy": 0.3728587635717245,
        "precision": 0.5677394247536008,
        "recall": 0.3728587635716624,
        "f1_score": 0.32957963422817
    }
}