{
    "dataset": "training",
    "accuracy": 0.19624151594805603,
    "precision": 0.6154717765666028,
    "recall": 0.19624151594805603,
    "f1_score": 0.2659063809610048,
    "confusion_matrix": [
        [
            370,
            81,
            0,
            561,
            0,
            0,
            26,
            107,
            117,
            4
        ],
        [
            22,
            1575,
            0,
            120,
            0,
            0,
            2,
            6,
            10,
            3
        ],
        [
            594,
            7520,
            801,
            4269,
            45,
            11,
            1754,
            3727,
            4989,
            216
        ],
        [
            1,
            1,
            0,
            136,
            0,
            0,
            0,
            12,
            11,
            0
        ],
        [
            74,
            4425,
            17,
            596,
            205,
            1,
            155,
            447,
            760,
            43
        ],
        [
            84,
            5786,
            15,
            772,
            12,
            128,
            193,
            472,
            906,
            36
        ],
        [
            552,
            3920,
            200,
            2482,
            30,
            21,
            3312,
            1906,
            3448,
            145
        ],
        [
            2545,
            19491,
            1313,
            27101,
            303,
            159,
            8817,
            26624,
            29103,
            1086
        ],
        [
            113,
            22,
            10,
            659,
            5,
            1,
            86,
            398,
            1814,
            41
        ],
        [
            11,
            325,
            0,
            70,
            0,
            0,
            0,
            24,
            19,
            49
        ]
    ]
}