{
    "dataset": "training",
    "unweighted": {
        "accuracy": 0.29506349971416723,
        "precision": 0.6987024752833304,
        "recall": 0.29506349971416723,
        "f1_score": 0.39226773808168575,
        "confusion_matrix": [
            [
                439,
                80,
                2,
                560,
                0,
                0,
                8,
                104,
                70,
                3
            ],
            [
                21,
                1578,
                0,
                119,
                0,
                0,
                1,
                8,
                7,
                3
            ],
            [
                595,
                7479,
                3179,
                4196,
                159,
                110,
                797,
                3787,
                3428,
                198
            ],
            [
                1,
                1,
                0,
                135,
                0,
                0,
                0,
                12,
                12,
                0
            ],
            [
                57,
                4424,
                19,
                588,
                616,
                17,
                30,
                442,
                488,
                42
            ],
            [
                74,
                5784,
                34,
                757,
                43,
                594,
                67,
                467,
                550,
                34
            ],
            [
                454,
                3927,
                280,
                2438,
                116,
                87,
                4832,
                1898,
                1858,
                126
            ],
            [
                2634,
                19508,
                2488,
                26672,
                1006,
                877,
                4052,
                39330,
                18999,
                978
            ],
            [
                113,
                21,
                19,
                633,
                5,
                7,
                18,
                399,
                1895,
                39
            ],
            [
                11,
                325,
                0,
                70,
                0,
                0,
                0,
                24,
                19,
                49
            ]
        ]
    },
    "weighted": {
        "accuracy": 0.3728236260510317,
        "precision": 0.5681870290220918,
        "recall": 0.37282362605096986,
        "f1_score": 0.32949785742557597
    }
}