{
    "dataset": "training",
    "unweighted": {
        "accuracy": 0.48331163084346584,
        "precision": 0.9061754052055478,
        "recall": 0.48331163084346584,
        "f1_score": 0.5688476523178962,
        "confusion_matrix": [
            [
                69269,
                90796
            ],
            [
                864,
                16470
            ]
        ]
    },
    "weighted": {
        "accuracy": 0.8283802759949124,
        "precision": 0.8172128930000935,
        "recall": 0.8283802759949124,
        "f1_score": 0.8116090177955562
    }
}