{
    "dataset": "training",
    "unweighted": {
        "accuracy": 0.34754987344911753,
        "precision": 0.7162604820686139,
        "recall": 0.34754987344911753,
        "f1_score": 0.44966582235371955,
        "confusion_matrix": [
            [
                326,
                82,
                11,
                538,
                0,
                0,
                3,
                106,
                62,
                2
            ],
            [
                0,
                1559,
                4,
                112,
                1,
                0,
                1,
                8,
                8,
                0
            ],
            [
                499,
                7463,
                4444,
                3457,
                160,
                163,
                550,
                4092,
                2774,
                156
            ],
            [
                0,
                2,
                0,
                126,
                0,
                0,
                0,
                14,
                8,
                0
            ],
            [
                48,
                4444,
                61,
                468,
                722,
                16,
                26,
                469,
                396,
                17
            ],
            [
                54,
                5788,
                69,
                657,
                50,
                757,
                29,
                492,
                434,
                17
            ],
            [
                309,
                4000,
                438,
                2025,
                111,
                89,
                5205,
                2148,
                1421,
                98
            ],
            [
                2681,
                19521,
                4099,
                22269,
                963,
                882,
                2611,
                46585,
                15920,
                759
            ],
            [
                59,
                16,
                44,
                566,
                11,
                9,
                5,
                411,
                1889,
                32
            ],
            [
                1,
                317,
                3,
                67,
                1,
                0,
                0,
                30,
                17,
                42
            ]
        ]
    },
    "weighted": {
        "accuracy": 0.387333279361446,
        "precision": 0.5906961533252821,
        "recall": 0.38733327936138756,
        "f1_score": 0.34958839737282715
    }
}