{
    "dataset": "training",
    "accuracy": 0.6577683370417491,
    "precision": 0.6874182678188762,
    "recall": 0.6577683370417491,
    "f1_score": 0.5280088919844548,
    "confusion_matrix": [
        [
            41,
            0,
            6,
            0,
            0,
            11,
            10,
            1198,
            0,
            0
        ],
        [
            0,
            6,
            1,
            0,
            0,
            11,
            4,
            1716,
            0,
            0
        ],
        [
            8,
            0,
            231,
            0,
            0,
            17,
            61,
            23609,
            0,
            0
        ],
        [
            0,
            0,
            1,
            4,
            0,
            3,
            3,
            150,
            0,
            0
        ],
        [
            4,
            0,
            1,
            0,
            29,
            14,
            9,
            6666,
            0,
            0
        ],
        [
            0,
            0,
            1,
            0,
            0,
            46,
            11,
            8346,
            0,
            0
        ],
        [
            7,
            0,
            26,
            0,
            0,
            15,
            521,
            15446,
            1,
            0
        ],
        [
            4,
            0,
            21,
            0,
            0,
            19,
            62,
            116435,
            1,
            0
        ],
        [
            4,
            0,
            4,
            0,
            1,
            4,
            15,
            3074,
            46,
            1
        ],
        [
            0,
            0,
            0,
            0,
            0,
            5,
            3,
            488,
            0,
            2
        ]
    ]
}