{
    "dataset": "training",
    "unweighted": {
        "accuracy": 0.796492652157002,
        "precision": 0.8954647543934183,
        "recall": 0.796492652157002,
        "f1_score": 0.8310204419629115,
        "confusion_matrix": [
            [
                129087,
                30978
            ],
            [
                5124,
                12210
            ]
        ]
    },
    "weighted": {
        "accuracy": 0.755431053953646,
        "precision": 0.7581202313534129,
        "recall": 0.7554310539537854,
        "f1_score": 0.7547923915410779
    }
}