{
    "dataset": "training",
    "accuracy": 0.20284178014248355,
    "precision": 0.6132901292942621,
    "recall": 0.20284178014248355,
    "f1_score": 0.275176744844326,
    "confusion_matrix": [
        [
            284,
            81,
            2,
            570,
            0,
            0,
            11,
            88,
            84,
            6
        ],
        [
            0,
            1557,
            1,
            108,
            0,
            0,
            2,
            14,
            10,
            1
        ],
        [
            542,
            7538,
            1300,
            4185,
            115,
            56,
            1591,
            3821,
            4354,
            257
        ],
        [
            0,
            2,
            0,
            132,
            0,
            0,
            0,
            8,
            12,
            0
        ],
        [
            61,
            4454,
            16,
            527,
            332,
            14,
            121,
            481,
            621,
            42
        ],
        [
            78,
            5804,
            30,
            725,
            32,
            240,
            165,
            480,
            750,
            48
        ],
        [
            491,
            3957,
            216,
            2519,
            88,
            32,
            3754,
            1909,
            2681,
            199
        ],
        [
            3255,
            19560,
            1976,
            28050,
            790,
            397,
            8935,
            26541,
            25020,
            1778
        ],
        [
            64,
            17,
            16,
            620,
            11,
            0,
            75,
            385,
            1804,
            55
        ],
        [
            0,
            318,
            0,
            62,
            0,
            0,
            1,
            28,
            22,
            45
        ]
    ]
}