{
    "dataset": "training",
    "accuracy": 0.23166856290949037,
    "precision": 0.632921786155791,
    "recall": 0.23166856290949034,
    "f1_score": 0.31087051330881504,
    "confusion_matrix": [
        [
            430,
            81,
            1,
            561,
            0,
            0,
            8,
            106,
            75,
            4
        ],
        [
            23,
            1576,
            1,
            120,
            0,
            0,
            0,
            7,
            8,
            3
        ],
        [
            693,
            7529,
            1602,
            4245,
            90,
            32,
            1453,
            4014,
            4060,
            208
        ],
        [
            1,
            1,
            0,
            136,
            0,
            0,
            0,
            12,
            11,
            0
        ],
        [
            67,
            4425,
            22,
            589,
            418,
            9,
            91,
            477,
            582,
            43
        ],
        [
            89,
            5787,
            27,
            764,
            24,
            338,
            140,
            505,
            696,
            34
        ],
        [
            548,
            3927,
            296,
            2458,
            80,
            38,
            4035,
            2045,
            2460,
            129
        ],
        [
            3088,
            19511,
            2334,
            26910,
            762,
            411,
            8123,
            30928,
            23446,
            1029
        ],
        [
            118,
            23,
            19,
            657,
            6,
            0,
            48,
            415,
            1823,
            40
        ],
        [
            11,
            325,
            0,
            70,
            0,
            0,
            0,
            24,
            19,
            49
        ]
    ]
}