{
    "dataset": "training",
    "accuracy": 0.16568784380918028,
    "precision": 0.603989327600759,
    "recall": 0.16568784380918028,
    "f1_score": 0.22807951294731124,
    "confusion_matrix": [
        [
            223,
            81,
            1,
            575,
            0,
            0,
            23,
            86,
            134,
            3
        ],
        [
            0,
            1556,
            0,
            111,
            0,
            0,
            2,
            11,
            12,
            1
        ],
        [
            439,
            7530,
            686,
            4516,
            62,
            18,
            1620,
            3219,
            5535,
            134
        ],
        [
            0,
            2,
            0,
            134,
            0,
            0,
            0,
            6,
            12,
            0
        ],
        [
            64,
            4453,
            9,
            564,
            179,
            2,
            144,
            411,
            820,
            23
        ],
        [
            77,
            5800,
            9,
            767,
            13,
            90,
            171,
            411,
            986,
            28
        ],
        [
            412,
            3952,
            154,
            2678,
            38,
            6,
            3033,
            1620,
            3812,
            141
        ],
        [
            2445,
            19488,
            1219,
            29805,
            342,
            135,
            8165,
            21634,
            32258,
            811
        ],
        [
            49,
            17,
            11,
            651,
            8,
            1,
            116,
            342,
            1823,
            29
        ],
        [
            1,
            318,
            0,
            67,
            0,
            0,
            0,
            22,
            29,
            39
        ]
    ]
}