{
    "dataset": "training",
    "unweighted": {
        "accuracy": 0.7935952288344353,
        "precision": 0.9063010573809055,
        "recall": 0.7935952288344353,
        "f1_score": 0.8305469405685925,
        "confusion_matrix": [
            [
                127026,
                33039
            ],
            [
                3577,
                13757
            ]
        ]
    },
    "weighted": {
        "accuracy": 0.793616328114886,
        "precision": 0.79361632892267,
        "recall": 0.7936163281149863,
        "f1_score": 0.7936163279730557
    }
}