{
    "dataset": "training",
    "unweighted": {
        "accuracy": 0.5007299928409968,
        "precision": 0.8235964496269994,
        "recall": 0.5007299928409968,
        "f1_score": 0.5972229826054175,
        "confusion_matrix": [
            [
                80186,
                79879
            ],
            [
                8691,
                8643
            ]
        ]
    }
}