{
    "dataset": "training",
    "unweighted": {
        "accuracy": 0.28841573115573665,
        "precision": 0.6897108852045495,
        "recall": 0.28841573115573665,
        "f1_score": 0.3840978603845389,
        "confusion_matrix": [
            [
                436,
                81,
                2,
                561,
                0,
                0,
                8,
                104,
                70,
                4
            ],
            [
                23,
                1576,
                0,
                120,
                0,
                0,
                1,
                8,
                7,
                3
            ],
            [
                620,
                7529,
                3032,
                4197,
                163,
                111,
                840,
                3757,
                3470,
                207
            ],
            [
                1,
                1,
                0,
                135,
                0,
                0,
                0,
                12,
                12,
                0
            ],
            [
                68,
                4425,
                23,
                588,
                598,
                15,
                32,
                439,
                492,
                43
            ],
            [
                82,
                5787,
                34,
                759,
                48,
                566,
                72,
                470,
                552,
                34
            ],
            [
                485,
                3927,
                290,
                2439,
                134,
                89,
                4718,
                1907,
                1899,
                128
            ],
            [
                2755,
                19505,
                2707,
                26651,
                1071,
                870,
                4303,
                38469,
                19218,
                993
            ],
            [
                121,
                23,
                17,
                636,
                6,
                7,
                20,
                398,
                1881,
                40
            ],
            [
                11,
                325,
                0,
                70,
                0,
                0,
                0,
                24,
                19,
                49
            ]
        ]
    },
    "weighted": {
        "accuracy": 0.3693105336171151,
        "precision": 0.558525543496,
        "recall": 0.36931053361720007,
        "f1_score": 0.3247884879916468
    }
}