{
    "dataset": "training",
    "unweighted": {
        "accuracy": 0.2868856593600601,
        "precision": 0.6874210959627406,
        "recall": 0.2868856593600601,
        "f1_score": 0.3819535551149871,
        "confusion_matrix": [
            [
                436,
                81,
                2,
                561,
                0,
                0,
                8,
                104,
                70,
                4
            ],
            [
                23,
                1576,
                0,
                120,
                0,
                0,
                1,
                8,
                7,
                3
            ],
            [
                621,
                7529,
                3004,
                4197,
                163,
                113,
                857,
                3778,
                3457,
                207
            ],
            [
                1,
                1,
                0,
                135,
                0,
                0,
                0,
                12,
                12,
                0
            ],
            [
                68,
                4425,
                22,
                588,
                598,
                15,
                33,
                441,
                490,
                43
            ],
            [
                82,
                5787,
                33,
                759,
                48,
                567,
                73,
                471,
                550,
                34
            ],
            [
                485,
                3927,
                280,
                2439,
                134,
                91,
                4728,
                1920,
                1884,
                128
            ],
            [
                2760,
                19505,
                2677,
                26651,
                1077,
                886,
                4588,
                38216,
                19188,
                994
            ],
            [
                121,
                23,
                17,
                636,
                6,
                7,
                23,
                398,
                1878,
                40
            ],
            [
                11,
                325,
                0,
                70,
                0,
                0,
                0,
                24,
                19,
                49
            ]
        ]
    },
    "weighted": {
        "accuracy": 0.3689554853165171,
        "precision": 0.5575179331109924,
        "recall": 0.36895548531660183,
        "f1_score": 0.3243631387837772
    }
}