{
    "dataset": "training",
    "accuracy": 0.6637709263940187,
    "precision": 0.7069253619831297,
    "recall": 0.6637709263940187,
    "f1_score": 0.5419398800106293,
    "confusion_matrix": [
        [
            112,
            2,
            6,
            0,
            0,
            11,
            16,
            1119,
            0,
            0
        ],
        [
            2,
            16,
            0,
            0,
            0,
            11,
            4,
            1704,
            1,
            0
        ],
        [
            22,
            2,
            590,
            0,
            0,
            17,
            86,
            23206,
            3,
            0
        ],
        [
            2,
            1,
            0,
            10,
            0,
            4,
            4,
            140,
            0,
            0
        ],
        [
            6,
            0,
            1,
            0,
            84,
            15,
            16,
            6600,
            1,
            0
        ],
        [
            3,
            1,
            3,
            0,
            0,
            113,
            17,
            8266,
            1,
            0
        ],
        [
            18,
            3,
            46,
            0,
            2,
            18,
            989,
            14936,
            4,
            0
        ],
        [
            22,
            3,
            38,
            0,
            1,
            19,
            93,
            116363,
            3,
            0
        ],
        [
            9,
            2,
            7,
            0,
            0,
            4,
            28,
            2950,
            148,
            1
        ],
        [
            0,
            0,
            1,
            1,
            0,
            5,
            6,
            478,
            0,
            7
        ]
    ]
}