{
    "dataset": "training",
    "unweighted": {
        "accuracy": 0.28784405597933,
        "precision": 0.6888798344567197,
        "recall": 0.28784405597933,
        "f1_score": 0.3833193079742375,
        "confusion_matrix": [
            [
                436,
                81,
                2,
                561,
                0,
                0,
                8,
                104,
                70,
                4
            ],
            [
                23,
                1576,
                0,
                120,
                0,
                0,
                1,
                8,
                7,
                3
            ],
            [
                620,
                7529,
                3028,
                4197,
                163,
                113,
                846,
                3759,
                3464,
                207
            ],
            [
                1,
                1,
                0,
                135,
                0,
                0,
                0,
                12,
                12,
                0
            ],
            [
                68,
                4425,
                23,
                588,
                598,
                15,
                33,
                439,
                491,
                43
            ],
            [
                82,
                5787,
                34,
                759,
                48,
                567,
                73,
                469,
                551,
                34
            ],
            [
                485,
                3927,
                291,
                2439,
                134,
                91,
                4724,
                1903,
                1894,
                128
            ],
            [
                2756,
                19505,
                2707,
                26651,
                1074,
                878,
                4412,
                38365,
                19200,
                994
            ],
            [
                121,
                23,
                17,
                636,
                6,
                7,
                21,
                398,
                1880,
                40
            ],
            [
                11,
                325,
                0,
                70,
                0,
                0,
                0,
                24,
                19,
                49
            ]
        ]
    },
    "weighted": {
        "accuracy": 0.3692221827081507,
        "precision": 0.5579122163508489,
        "recall": 0.3692221827082356,
        "f1_score": 0.32470040578836984
    }
}