{
    "dataset": "training",
    "unweighted": {
        "accuracy": 0.760398874852733,
        "precision": 0.905321070088231,
        "recall": 0.760398874852733,
        "f1_score": 0.8063301161678933,
        "confusion_matrix": [
            [
                120698,
                39367
            ],
            [
                3138,
                14196
            ]
        ]
    },
    "weighted": {
        "accuracy": 0.798464711047963,
        "precision": 0.8086355657213021,
        "recall": 0.798464711047963,
        "f1_score": 0.8018082507684633
    }
}