{
    "dataset": "training",
    "accuracy": 0.3190718279375958,
    "precision": 0.6411064256259591,
    "recall": 0.3190718279375958,
    "f1_score": 0.3726201866012758,
    "confusion_matrix": [
        [
            630,
            81,
            0,
            0,
            0,
            0,
            208,
            207,
            0,
            0
        ],
        [
            107,
            1548,
            0,
            0,
            0,
            0,
            13,
            25,
            0,
            0
        ],
        [
            3264,
            7519,
            17,
            3,
            0,
            0,
            4959,
            7974,
            9,
            14
        ],
        [
            88,
            2,
            0,
            7,
            0,
            0,
            18,
            39,
            0,
            0
        ],
        [
            443,
            4449,
            0,
            0,
            8,
            0,
            682,
            1082,
            2,
            3
        ],
        [
            635,
            5799,
            0,
            1,
            0,
            4,
            788,
            1116,
            1,
            8
        ],
        [
            2132,
            3943,
            0,
            3,
            0,
            0,
            5764,
            3998,
            1,
            5
        ],
        [
            21056,
            19353,
            14,
            56,
            5,
            2,
            27067,
            48597,
            67,
            85
        ],
        [
            551,
            16,
            0,
            1,
            0,
            0,
            1233,
            1213,
            28,
            5
        ],
        [
            58,
            318,
            0,
            0,
            0,
            0,
            33,
            59,
            0,
            8
        ]
    ]
}