{
    "dataset": "training",
    "unweighted": {
        "accuracy": 0.7928060473847091,
        "precision": 0.9063368481225337,
        "recall": 0.7928060473847091,
        "f1_score": 0.8299850929051035,
        "confusion_matrix": [
            [
                126866,
                33199
            ],
            [
                3557,
                13777
            ]
        ]
    },
    "weighted": {
        "accuracy": 0.7936934320458275,
        "precision": 0.7936948610908837,
        "recall": 0.7936934320459266,
        "f1_score": 0.7936931810867187
    }
}