{
    "dataset": "training",
    "unweighted": {
        "accuracy": 0.2945366706645892,
        "precision": 0.6975786574523698,
        "recall": 0.2945366706645892,
        "f1_score": 0.3917569067075314,
        "confusion_matrix": [
            [
                439,
                80,
                2,
                560,
                0,
                0,
                8,
                104,
                70,
                3
            ],
            [
                21,
                1578,
                0,
                119,
                0,
                0,
                1,
                8,
                7,
                3
            ],
            [
                595,
                7479,
                3220,
                4196,
                162,
                110,
                791,
                3749,
                3428,
                198
            ],
            [
                1,
                1,
                0,
                135,
                0,
                0,
                0,
                12,
                12,
                0
            ],
            [
                57,
                4424,
                20,
                588,
                617,
                17,
                30,
                440,
                488,
                42
            ],
            [
                74,
                5784,
                36,
                757,
                43,
                593,
                68,
                465,
                550,
                34
            ],
            [
                454,
                3927,
                300,
                2438,
                117,
                85,
                4831,
                1880,
                1858,
                126
            ],
            [
                2634,
                19508,
                2651,
                26672,
                1023,
                869,
                4017,
                39196,
                18996,
                978
            ],
            [
                113,
                21,
                19,
                633,
                5,
                7,
                18,
                399,
                1895,
                39
            ],
            [
                11,
                325,
                0,
                70,
                0,
                0,
                0,
                24,
                19,
                49
            ]
        ]
    },
    "weighted": {
        "accuracy": 0.37287672685259476,
        "precision": 0.5673618928855266,
        "recall": 0.37287672685253254,
        "f1_score": 0.329662744646662
    }
}