{
    "dataset": "training",
    "unweighted": {
        "accuracy": 0.28879124328141553,
        "precision": 0.6903975262665893,
        "recall": 0.28879124328141553,
        "f1_score": 0.3846028587177648,
        "confusion_matrix": [
            [
                436,
                81,
                2,
                561,
                0,
                0,
                8,
                104,
                70,
                4
            ],
            [
                23,
                1576,
                0,
                120,
                0,
                0,
                1,
                8,
                7,
                3
            ],
            [
                620,
                7529,
                3037,
                4197,
                166,
                111,
                842,
                3747,
                3470,
                207
            ],
            [
                1,
                1,
                0,
                135,
                0,
                0,
                0,
                12,
                12,
                0
            ],
            [
                68,
                4425,
                23,
                588,
                599,
                15,
                32,
                438,
                492,
                43
            ],
            [
                82,
                5787,
                34,
                759,
                48,
                565,
                74,
                469,
                552,
                34
            ],
            [
                485,
                3927,
                291,
                2439,
                135,
                87,
                4727,
                1898,
                1899,
                128
            ],
            [
                2754,
                19505,
                2702,
                26649,
                1087,
                860,
                4259,
                38522,
                19211,
                993
            ],
            [
                121,
                23,
                17,
                636,
                6,
                7,
                20,
                398,
                1881,
                40
            ],
            [
                11,
                325,
                0,
                70,
                0,
                0,
                0,
                24,
                19,
                49
            ]
        ]
    },
    "weighted": {
        "accuracy": 0.3694360775748516,
        "precision": 0.558649198882058,
        "recall": 0.3694360775749365,
        "f1_score": 0.32494489970126295
    }
}