{
    "dataset": "training",
    "accuracy": 0.34236617476446424,
    "precision": 0.6402205863405163,
    "recall": 0.34236617476446424,
    "f1_score": 0.4120960947315335,
    "confusion_matrix": [
        [
            952,
            96,
            0,
            7,
            0,
            0,
            29,
            172,
            9,
            1
        ],
        [
            117,
            1594,
            0,
            6,
            0,
            0,
            3,
            17,
            0,
            1
        ],
        [
            3652,
            7560,
            1760,
            92,
            46,
            23,
            3105,
            6931,
            679,
            78
        ],
        [
            79,
            5,
            0,
            37,
            0,
            0,
            5,
            32,
            3,
            0
        ],
        [
            478,
            4441,
            19,
            22,
            401,
            9,
            310,
            929,
            90,
            24
        ],
        [
            676,
            5812,
            30,
            25,
            16,
            360,
            365,
            991,
            116,
            13
        ],
        [
            2273,
            3952,
            118,
            65,
            26,
            16,
            5741,
            3404,
            371,
            50
        ],
        [
            23116,
            19584,
            1792,
            518,
            369,
            274,
            17386,
            49125,
            4006,
            372
        ],
        [
            614,
            28,
            34,
            22,
            5,
            1,
            376,
            974,
            1074,
            21
        ],
        [
            62,
            332,
            0,
            4,
            0,
            0,
            4,
            53,
            1,
            42
        ]
    ]
}