{
    "dataset": "training",
    "accuracy": 0.31604669801539037,
    "precision": 0.5969146247019798,
    "recall": 0.31604669801539037,
    "f1_score": 0.36889010423180624,
    "confusion_matrix": [
        [
            763,
            79,
            0,
            1,
            0,
            0,
            219,
            204,
            0,
            0
        ],
        [
            146,
            1558,
            0,
            2,
            0,
            0,
            12,
            20,
            0,
            0
        ],
        [
            3410,
            7513,
            20,
            6,
            0,
            0,
            5031,
            7929,
            9,
            8
        ],
        [
            86,
            1,
            1,
            9,
            0,
            0,
            21,
            43,
            0,
            0
        ],
        [
            512,
            4423,
            0,
            3,
            9,
            0,
            703,
            1072,
            1,
            0
        ],
        [
            675,
            5780,
            1,
            5,
            0,
            7,
            803,
            1130,
            2,
            1
        ],
        [
            2288,
            3912,
            3,
            9,
            0,
            0,
            5907,
            3886,
            8,
            3
        ],
        [
            21204,
            19447,
            48,
            41,
            3,
            7,
            27596,
            48079,
            82,
            35
        ],
        [
            639,
            19,
            6,
            2,
            0,
            0,
            1233,
            1219,
            29,
            2
        ],
        [
            69,
            325,
            0,
            2,
            0,
            0,
            29,
            64,
            0,
            9
        ]
    ]
}