{
    "dataset": "training",
    "accuracy": 0.6632079087383894,
    "precision": 0.7419852409888755,
    "recall": 0.6632079087383894,
    "f1_score": 0.5373473999359314,
    "confusion_matrix": [
        [
            51,
            0,
            2,
            0,
            0,
            0,
            6,
            1067,
            0,
            0
        ],
        [
            0,
            7,
            0,
            0,
            0,
            0,
            0,
            1686,
            0,
            0
        ],
        [
            1,
            0,
            463,
            0,
            0,
            1,
            42,
            23249,
            3,
            0
        ],
        [
            0,
            0,
            0,
            7,
            0,
            0,
            0,
            147,
            0,
            0
        ],
        [
            0,
            0,
            1,
            0,
            62,
            0,
            3,
            6603,
            0,
            0
        ],
        [
            0,
            0,
            0,
            0,
            2,
            43,
            5,
            8302,
            0,
            0
        ],
        [
            0,
            0,
            30,
            0,
            2,
            0,
            710,
            15099,
            5,
            0
        ],
        [
            1,
            0,
            26,
            0,
            1,
            2,
            46,
            116225,
            1,
            0
        ],
        [
            0,
            0,
            3,
            0,
            0,
            1,
            3,
            2940,
            100,
            0
        ],
        [
            0,
            0,
            0,
            1,
            0,
            0,
            0,
            474,
            0,
            1
        ]
    ]
}