{
    "dataset": "training",
    "accuracy": 0.6595049147804131,
    "precision": 0.7345017879263076,
    "recall": 0.6595049147804131,
    "f1_score": 0.528872141921645,
    "confusion_matrix": [
        [
            22,
            0,
            2,
            0,
            0,
            0,
            3,
            1099,
            0,
            0
        ],
        [
            0,
            2,
            0,
            0,
            0,
            0,
            0,
            1691,
            0,
            0
        ],
        [
            1,
            0,
            222,
            0,
            0,
            0,
            45,
            23491,
            0,
            0
        ],
        [
            0,
            0,
            0,
            4,
            0,
            0,
            0,
            150,
            0,
            0
        ],
        [
            0,
            0,
            1,
            0,
            21,
            0,
            2,
            6645,
            0,
            0
        ],
        [
            0,
            0,
            0,
            0,
            0,
            15,
            1,
            8336,
            0,
            0
        ],
        [
            0,
            0,
            18,
            0,
            1,
            0,
            449,
            15377,
            1,
            0
        ],
        [
            0,
            0,
            12,
            0,
            1,
            0,
            42,
            116246,
            1,
            0
        ],
        [
            0,
            0,
            0,
            0,
            1,
            0,
            1,
            3014,
            31,
            0
        ],
        [
            0,
            0,
            0,
            1,
            0,
            0,
            0,
            475,
            0,
            0
        ]
    ]
}